001fbb09c6bc475b179ff1aae532f678,我唾弃你的坟墓1978
00682446e7e01e292d4648c645ef1e36,伴侣
00a29a0dfc9d0729873f8e9681fd0bdc,肉色电影
0145dcde570bdeb6547c04d2df7e05e4,花宵道中
0274757af6a6bb8a8a744ec7466eac4f,恋上小姨子
02b987a867262f0a248f758a3443491e,外围男-女大学生-宿舍
02c2ba967b2885ae0ab479ad6c30f46c,港都情事
02fdcd7c340e1e7f7317a2ecf7815e5f,18禁不禁
0303d873eadcaca62530f0f7b889bd24,不可撤销
0359f1621164cd4b377ebdfcc4b4a756,非分少女 第二話
038930c709fbf609beec18f2a153300f,香港奇案之强奸
03dd5c94df283f998e769633e4f8620a,里约性喜剧
04784e508dc9161e56c0fe0e8a4ca9a8,延边女士风味季
04a26f17d60f12bb8561c4a524434fea,漂亮姐姐
04e163f0f6c5670d97feeda90055592a,保险女王：她的商业秘密
0526ccecb023fccd94af456ebf285936,人妻e起来
0573eb70033c414265cabef73b759dbc,三个性感的朋友
0711a4d45846b138ecd6dcd24dd5b42b,两个妈妈
07622ff592249a1b175ca98d117debfd,援交情缘
07fcefa4bf59282cd6c73bcb4ae2870d,嫂骚的诱惑
0849999fb27c66fd7d8938915a89912a,恶有恶报
098ac220d06fdd57a350fd7155c20ba5,罪深花蕊
0b2e3b80f8f9eac60971c593872fe28b,闪耀的成人罗曼史
0b7dceb65fea605070b1fc96e59233c6,十日谈1971
0bf54fc151eafc90317af31f1f0583b1,索热单身地狱
0c03d43c8b888deab9b04c24e07d128b,色即是空
0cf4fea833177a2f623b67de23e323af,缺陷2022
0cfff0435a7d3085daa558c90cd8a098,美味人妻 맛 (2014)
0d0c313de45699f55b48949c510898ee,性定式2022
0d4710c29036e59c762dc8f70b0127f5,爱的健身房
0d6f78051d6ee92303990ec10b60095d,奶星迷情
0d7087515e200012e0e351625d5922b8,酒醉情迷
0e3713c9ebb42cbb77f46dbccdf0ef2c,嫉妒2023
0ed92f6f3fd681a414f0397f79c4a8a5,偷窥的欲望
0f2cd3b101c5a1a420add7731dd18522,方子传
0f802dfa585de3146a814388ceb21c07,同房密爱
113cfef73408edb82ef284e59d68a2d7,卖保险的D杯女
11d7d9ac217dbf30cf4d57fe47939bf9,姐妹花的诱惑
1242227e6ff3efc5f6507fbabd1e458a,森下久留美：从裸开始
13d25aa8ec539df70b13712f2c01b8ad,7天交换7
141495076278e6b99997522eaf28d8e8,禁止的爱：善良的小姨子
151c4577845da88c81d280420d369522,做我的奴隶3
154561783d4da751eaf19cd2aadf887d,鸭之一族
16885b7fc95530a76db7199748c8fb30,挡不住的风情
1699ba46991c7fd0571034865d9ad6c5,大失禁
16af60c2e81b5300c9373789f4a6b1a7,非分少女
16fc84a90a4dcf266f4e48dd0caa6ecc,过错
17b54458957f7f5345ff49d4984782a7,叶月巨乳女忍者
17da2588714ebc16d3198ff65a4bdc7e,性福三人行
180ec2e564ec76243b3a5a36b0ab032b,囡囡
188b0de70847cb8fffe0df0001cc9cc9,经常宽衣的漂亮姐姐
18beb887ac5fdcf253c6829ef92ac545,轻松小熊和小薰
19434a5c70dd7083aa1933b3066e116a,强公公好媳妇
1967064c6d6ceac4487d2eb608049ff5,性爱娃娃
1a478095c27d67bbd6432254b1903953,激爱女医生
1a84901977c1c4f5026f7f6eb84a8baf,血恋2
1aa5680d2af2e0e3c8772b3dd44ef7ae,以你的肉体呼唤我
1b3171a12f5f95123f9b8caba11a1546,旧爱2022
1b9028a408a70981933d42d062c81b22,女集中营
1c13a1c34b90a4b6df188c4abc217697,火辣继母
1c478de8627224c2a06183673d0525ba,热点服务：一个残忍的理发师
1c59d40ae5eeaf7ea4f15e951577693d,熟女姐姐的爱
1c6a86a080ab27377ed703e18a443dce,不知不觉诱惑你
1c9ca892089a26e61cbea38757188c13,性板17
1d116030d40e603d84f97c3f8abc4703,背叛失乐园
1d137856608f4549bf9a3a24342893c8,赤裸天使
1e6ed7dc52df1450e28f37fb7a504834,上了晚辈的女友
1f9e0d38fa91b4bcc39a4cb9a343ca9f,定理
200ab676833dcfe7d10d465b346153de,我想变坏
21127c992457e6cf962cc9b08a31d343,满清十大酷刑2
21ac64e2fc50f1219f3e42d4307efb55,妹妹的性福剧本2
22a0a688406924bc22df015abc2723d4,今夜救救我
2321eabd83d269fb8b7a3de04749a4b5,不羁夜
23b56c463bc7bb21ec0eff1f282e9a1c,一树梨花压海棠
23e638f9217083e9a4c69e9fd61ff725,妖变第二部
2435ea1f697d1cfbcdb08866184d76dd,禁止的爱：情深深
2555acba95508f3b0816611d0ec69b2b,裸体外卖性爱美食店
2565ad89a9f5a23e250b67cf37da919f,肉欲同栖生活
25ab77d08cc323470b376715e3607bd9,高潮不失礼
2643d0dc38fd4b694932cc7145a52471,青春期的妹妹
2646013449ea43435128da9873493e0a,情迷六月花
264b5471412d6e9e5916107105e14dcc,好的开始
266d55b008ad130f213c90bf69e0f75d,大话西游之月光宝盒
266f9a3b441fc3fcca3413b43adae292,哥哥的老婆2
26c68c1625069c93da87c748519aaebe,情事-两姐妹
270c63787265e7793195171b2d423db8,性爱赌注
27327be6f412df168a08cd99cc8d997b,我们X她
27a3cb167373704b7c9d76092518497d,家教高级课程
2839caf648409ba3b576d533eb58ad9e,夜生活女王之霞姐传奇
29dc3ea0f09766ef08348ac20dc0c473,18岁女大学生童心失落
2a20b8234713aaf8e4b8714c87ad63df,邻家娇妻
2a50b8679e30ad8b9e1ca5f7e92d2cbe,嫂子的职业
2a59323bc51bb39f2ec07af5c98db145,床上小伙伴
2b2d3d8781459e438865df532bf78f8f,敲诈男女
2b4448438a71fd4679e0e08c6064f958,玉蒲团之偷情宝鉴
2be756e8c677a7809f9daf256b277bf2,军阀趣史
2befcbc66f343101ed4e53b793b6d846,女仆的目的
2bfb432b2f354d6f381ba436bb379db7,母亲的爱人
2bfdbfdeeb393a2aaace366604498657,冰冷热带鱼
2c4455568e5f896b16f0f4755d906fd2,被邀请的男人
2cb17ba709c18eeeb85d681d9acbecee,十一天十一夜
2cb84858a4c7dd41fc7a6a009df80e6b,猥亵女生
2d46b75a90673bdad1cd6d5cc35d7763,金瓶梅2之爱的奴隶
2eb70e07c13de4bbba3f81665fd973a2,疗欲关系
2f4d6ab6e17639448059950269307d91,玉蒲团Ⅱ之玉女心经
2f4dbdb047e33870ff0e7303e5ecaeb2,美玉
2f9a6f6065a1bd0b559eb50edee9be93,他们
30035e2952559683592f1e6e58371970,艾曼纽·银河女王
306f8914a9c9c1d1252b3c0e28ee0c3d,做我的奴隶
30e1aa89a6ac9112f032bf8750235775,不单是教师
30e7821f0c13be924cfd2b4e0ae72d04,小甜饼
317a5a65e3b8d882821b8d74a6d9dc59,19禁：别人的目的
31d41d29b7fc68ce8c0d8dcd6b493539,爱你九周半
32d3142742a7b4b25b7a3e9605e0a8d7,换妻啪啪啪
32d88f7cbf9e916981a1deb816dd1126,恋上朋友妻
3335123884475eca6200fabcd04c0e39,堕落色戒
33ea14066180159c461912ba23352ad5,我妈妈的朋友
3439e8714db678a2d069480800021d1a,善良的准岳母
34621c7bf57d382609d240097611d52f,食物链
34e0ab3379b4b390500d37382f3b5496,白日美人
35fd037471ec3af8e0b3f5abb02aeb61,凯蒂夫人
37d3c9648d8f5a87fcb884357305fefa,年轻的嫂子3
37f3cdd617c3fbae722b13fa940ee321,黑天使
3824ee248b1744f2b8064e63f6423ff8,美丽小蜜桃2
38c055221640f96af6cc1f20a0980b9d,床上有个好莱坞
3983982f57fb3ec7c2282de8383194fe,裸体切割
39e4a9718b323d486a6717bfe85db86c,三个女人一台戏
39eb46e5bff5e0cedf0901bf070da050,换爱
3a819880422d6d10f291397f02ddd479,同居生活
3acf233dafb0d211b200d7f7b9c34593,骑鸡女孩
3ade1163c3a3079f70c692696b179d89,金瓶双艳
3aee72a53ce956f5f8eb7f40e61345b0,武松[1982]
3bfdbb838cea134ef2fa6036b7b79c00,白色房间:性倒错症女人的十个秘密
3c49441a4a7059b8cdfca9ed937f1072,旅馆302号房
3c732a30abe1bad91db11eace8aa97e1,赤裸羔羊
3c77afc35a0e6259e433ae91aa58af23,双妻：惊险同居
3ccd1d9b910b9c109467acacd2919156,猛擒抱妹
3d0b39076f37a741209813d3d9ec776b,杀死你真好
3d4f98a2ec91b9fb0a6aa1667ab360a1,年轻母亲4
3d55524a97e11ff3ce1cb8d63aad5de2,发情男女
3dade9651d9bdfe6e15df1d45ed25009,吉原炎上
3e0f64b7c68fcd4242725f3ba6b3afc2,禁止性爱2私妓
3e25b085295ac2ffc18fa2a08096cd96,人妻大解放
3e9bc031c6f6681f25fc29e846297551,恋上朋友妈
3f2ca8d722db11b0655f943f4eae7a8f,水疗中心淫秽服务
3f7c209909780b2d2466bdc70e7533c8,火口的两人
405e807958dc0526553c26d4451e4e72,偷月情
408643e86dafd48b3f2b617b13ff05e6,色，戒
40c2e477e755f1987aa14bbfff26e6e4,恋爱的猎人欲望
414d9c342b1874abe7e834a5fca5a71e,播音员混乱私生活
4243cdc0ef52df0e2d604e0b8146618d,拈花惹草
42d0fd23fd24d34a81c4a2625e10381c,恋上小鲜肉
42ee30d7ab97abd3a3459970e103fab5,禁止的爱
42f003626f3128017009b9b0239e7e52,新色暦大奥秘史进贡美女
432ddf38ff49b3e445c748f3274b5ee8,无间道
433d5fa27d2cedbbe5595d3acf9ba7ae,索多玛120天
434cbac1d69cf1532e3a02acc8bf8082,熟女还是学生
438082b2b147b2ffb14b2c2a742700d1,第一次经历的秘密
43854647588d7b969be3339104483fa7,惊天龙虎豹
4397ebc3fdffaa541f3b2cc41389b00b,驯服已婚少妇
43c25378db641e5b2e4733cad94a4225,风花雪月
443bc84995e1adf034660686e9eb78d7,妻子的101次结婚
446265f0e1a4fdf4b48941b712d44e07,性内线
452ff1c33ef61aabc5237bb9cc6324ae,办公室姐姐们
456f5cd94c776f44a2dae97577ad086b,大学后辈终结者
4572d41aeb65e43a8ece625e5a74d295,欲求不满人妻
45afdaa3a0bf41016968cdbb87118fe6,管家内政
46151a8e2677363bc335a5ad995d4aeb,失恋杀人
47d83b61fab02f2ebd44896a34cfe75b,背叛失乐园2017
482b80a126555953197621b4a1d6d7ef,晚娘上部：恋欲
484c32b5e889962279036f8d2b6532b5,窒爱献祭挣扎
492b925343f1a370eb45f54ceecd209f,老板女儿让我爱
49d107fb2fe17a14775e11df7f3fa75e,厨房春光
4ada68908e9cf7ebef650afa7c6776ec,3D肉蒲团之极乐宝鉴
4b2362943b0b42c8d3e60c4a80481d63,温柔地杀我
4b37b55a31f380644344f603852848fe,大内密探之零零性性
4b683cce9a59ef52acce6b050d635296,无法抗拒的姐姐
4d720bf6f626e3ee6eb65883c481694d,性福的滋味
4d7cb109b9141f1238a6ab2a5bd88e77,赤提灯
4d9b11c8714b8ae3947122bd09bc6a66,风月奇谭
4df6ecce3ee730899333e489afd0161e,妻子的漂亮妹妹
4e35c10038f0087c8311977b02a714f0,女大学生练歌厅
4e47e1f0ec0a2d94dc3c340d2c2d5af6,燃骚女子的欲望
4e4fea29dd39008ab3340f81dcd74ab9,媳母2
4ec0da04f49145bf4d15b75535d77ff9,性瘾日记
50166f1d65ec7bae8ebc55675af4fd24,Biyak
5031a4d6a76af4ffd81981e6254bed93,处理病房
51383ebd50fea64d3a7e6162049d87b3,救爱之歌
51c38fb5b02acb63e19c9ef9c134f3de,华丽的外出
51ea8196abfcebed994481dbaacc245b,出轨大嫂被我擒
520e39f6b74c71ac79d1eb5434aee1d4,欲望街车
53942ed66bde5278fcacf860a75040c4,不伦纯爱
53a5b1b60ab540288af42fe3e1c4a73b,破事儿
53c85f6fcdc046c880883d6fc74fcc03,床边的异家人
5498625196e617ebf9c0cfd06e236812,虚张声势
564be54c8f76301a2dce381730bff112,有特点的电影
5691379a55595fa2c4b27edd74c05fa9,腹肌男的嚼劲肉欲
56c4e8a8be20295447e0e36832970d77,禁忌：新的姐姐
57663e074a661a4a4b2f0fb882034d06,拳击场之恋
57de2cf30ef1bb9b88648461693cf2e7,放荡济州岛
580cdf0e82aa3d2e9f337ac45a937df2,交通费
5818488fa02656cdcba7aa141211c965,女性瘾者：第一部
58bbdc28d3eab491ae3d1bec154d12a5,欲望之裙
58c2e3e0fd3e4aca5c886b59f8027520,29片棕榈叶
59ed3b95ffdb03652de1b66903155d6b,堕落东京
5a1524b03106063007dff48108c1d719,开放婚姻
5a6143734dfdca9953024a410a649496,危险性关系
5aa0717530b58eea2f5ad062187fe741,朋友的妈妈
5acaf5bd79ca9b5be0f2bc7a660461f6,查泰莱夫人的故事[1989]
5bb41eea99af41fc41af288ed9a60243,三代同妻
5bcab86781d71e34a9c5ec4b48dbe450,爱恋
5c9574efb90d5f43e9a040ccc5e90341,情事
5d2af3e5090158d918c23f88e035b84e,妈妈的职业
5d3f5a6dd548faca4cbcdf05ed9b74ba,妻子的情人
5de3b53682f333512f852f2e3d86176e,周末同床
5e877a9e30cf0606a5bb31fb5bb8574c,陷入黑刑的女人们
5e8d7b5481d6651dd18d699300ea50dc,极致快感按摩乐趣
5e988eedfa91bb46fcba332460d833c6,卿本佳人
5ee32b4ad3a05fc44e2660307c384e3e,反情色
5f8d3ba745a118d3c41ed30a1347b487,换人睡看看
5f9a16eeb03fd5d6830735de0e24f852,爱爱延长法
608bba711935822bd6fe57a4ed5c70bc,潜入搜查官
60ed469da8cc5df508eef10f88bcabfd,妈妈的味道
61267a23eb27eb692d1d54717cc6f007,感官屈辱还债
6218ad29ee980827855a10f7f526cf5b,奸臣
624d6fb333248fac0de98581fd960adc,女生宿舍2
6261c8dd1d5f40cfa5e0a6a53493abaa,狂情欲事
6289064c6d8112995a4db9a84b95d64c,哥哥的老婆1
6294fe711b5ca619b116938e48bca715,性爱之家：合作共享
62e052aea12395f1a390198031c4f1b3,女人面面观
630fe4c31611783612d7468ad39301ef,我的思春期妹妹
6340210a6603c9fa01b0ab6853f3fc25,再见艾曼妞
640395c930e0b49fa70dca207542d06c,明明不喜欢
6424c8310bd5482ebf94d0ec8c374682,我属于爸爸
6477a12ce775b2b367c43b7d41fd61bf,完全征服媳妇
64b4b337e79abd465c1682dcd6cd8375,性瘾咨询师
654bd37a7929e4c4d368f6d8607f4025,她唇之下
65770261ea098ad6245ee02af5b0b91f,闺蜜大妇仇
65869e5b52c198f68004a4fe9bd2c1dc,玉蒲团之官人我要
66227b768a5548324e8ec98265d32f0b,密爱
663703fd9a69d3269f48c44304a03bfa,D坂杀人事件
665ac7ccc79f624234cf88754bae409e,屋顶的散步者
66cdfe5f49bc502f7fae70c3a2487630,做我的奴隶2
66de5c9ad19e1baa9ff302baac32e76c,托妻：为儿捐躯
67419916f7ed32a8e29c2f7f14dd0a51,恋爱公寓：六人行不行
67db289fc275f147c0ad4ea2858cba88,极乐公寓
681a2cd4b0d5a61e623a85be2dd5ed51,大话西游之大圣娶亲
6844d803924b9610b90756391e770e33,我为卿狂
688ed2bf6b0c6bfa201d7eac91c0ea50,欲火情人
68a161f6a0ec728f596ad1f2283e6c2f,少女情怀总是诗
6a85f0b8b80fbc809db5f4846b252216,色情之后
6aca2f72b8643564b346bc68c5ab8f1d,脱衣保姆
6aed20bffaf62eead46953c2c0f38f5a,阿姐万万睡
6b25d2c8365cc67b0e8147b3470fc6c9,首尔小姐
6b77c05d337261620e15a8c2a5bea977,老板的老婆
6c6a3a2e593d1258aa23dba4af5c541c,女友的妈妈
6cf59af2bb19c7cb6b57ab4115564010,一个女人的身份证明
6d709c3d719d02c7fb15eddade5929ed,艳降勾魂
6db9ecf66b444f3513a03428006717cb,偷香
6dd560cdbee0a53cb78fe48174a1aa1f,屌丝骑士
6df8ca8959fda1fd745c851058a493fe,上流社会
6e31bfb9f13618ce275908022e2eed57,姐姐的朋友
6e73581095de10a0c0a5cabe7de589ed,死囚之舞
6ee385359f62fa013142bafb3eb29d64,满清禁宫奇案2
6f040b00a7de920a25b10a39cb8907a3,表妹好辣
6ffc0794f4144aac6572e6d46fc8d318,重返青春
70513c794261efb0d8d9cc2c466efdf8,惊变
70587da725a5047262ae5bc433fc8ef9,善良的嫂子2
70856290e31c9b00dae6e3eb86e99987,美味人妻
70c8e4ebab569df86076450187ae77a3,少女闺房
70e1eb012237d313ad1fa1d8fcaa99e0,姊夫我可以
715ce4bc302416960058852dd4dd9c0a,大型露出事故-変態女
72fc92ad4446368e4dd147849527f12a,天使的性
7344378c88dd68de7426e1dfa76f8a65,通野未帆之湿情画欲
739d5fcbb43c0c18a3bf5707fef62199,饥渴出轨的少妇
73a7ea52d5776349193d37d75801035a,美味姐妹盖饭2
748aae97e68acb08f25411561eca6de1,赛琳娜的黄金
752ccf2b38e8682c97f9a72d63714c43,跟踪狂她的秘密性爱
75d90a78e4f85f7a16dd23bbcdb46214,深情触摸
7600122aa60c1438d8a78746de3c5509,满清十大酷刑
7699dbbadcac74f563b0db7a8cfa1f53,遗忘2022
774cd1681bda8ca5161b9ffdd1a53190,燃烧2018
776879b0e1c5322f3cbeb3b718603e2e,驯服儿媳
784f3c2e3abfefca6853d32a5d3a1914,肉体交易
78e6baf0e0fb46132bd34e2e03bff40e,失乐园
7a9b1cc9f106f66bec92f90e78b8a68f,为人民服务
7b3671110d566cfd2270024b54729585,逃离快乐星球
7b7af0e8c0d486be658cde3390caa647,引郎入室
7bd82b4fbfa08086dbc74bf01a1bff6a,新金瓶梅
7ca39f0410a69d70b0110fc7f65dbc1d,情事：不要结婚要恋爱
7ccfb2695b3bf82d7e3cd5457cd34bf7,反基督者
7e0d91452922ca61fc3fb8b1119184a5,新仙鹤神针
7e52a4894ffa13f5c9b135ddc7ff89e0,阿塔鲁和山优娜
7f5d12f4a5528d3d56a623977a157aed,性福调教
7f663e9a66fde11d7783dd5db7e799dd,欲望酒店
7fac3246fb0f96020a83ff5e6a6289ba,聚会的目的
7fc52623c32c637f067442b1add1f4ef,攻克排挤：垃圾分类X爱
800fa688162d60f0ae50a1bc8485c76b,甜蜜皮鞭
80376f2ee12e738abe17235a15aaaab8,女仆的安慰食物
80fdb86febdfb51498e9ea0d3443adef,捆着我，绑着我
8150cdd8f2205a914f059e162df218e2,情欲房
81a5a88309be931101ec8d31a200d901,牢笼中的妖精
81b4614c2f14f08b0e52a7da6eef3ea8,色情头皮护理店
81bbf334e7be12fdfa70c292b8a533e5,寻找幸福中
81c1874ae58fcbfbdeb276490608acf6,卧底之恋
827c22f1218de859cb5a028c2e217ab9,尸囚狱：前篇
82939b1b15926a187c9944b955161fc6,人妻啪啪啪3
82d90f01efd2a5d8bbc2ac881b0d33b6,不是我老婆
83327cd17679de01615eedcc6f8d570a,大咸湿
83f0d01f3d3ad36f76afa7137fc3fb96,神风敢死队的爱
845175a70e285ca20e61fabac60ed178,善良的妻子
857ef1e91955c973d09aca54db1ba671,夫妻伦理学
869c0a6890cbca4b68cdcaad54a3133b,年轻母亲
871b7a73830e7c48aaf4351e2c4d983c,满清禁宫奇案
876c63c404069ca22058eec0a6a41c46,同居
87e43a015c249337bc74596f452b6a34,止不住的诱惑
87ea1cdb1d0b711acd2e4245d0fd754d,激情夜
886a91e3fb184d3c9c93577cb62df03a,妹恋
88eaa68521c1508ad83d4400b37d25da,十年爱
896e7c872277b7143c8384bbcfdc2aa0,极乐玩偶
897e80fb19518880d6986b9497e08166,蜜桃成熟时33D
898441afe36ecc6bd273a04fc633ce6e,东京的查泰莱夫人
8a410592a331ab78dea535aea201a859,楼上的女孩
8b222602c1cbbb9469e8de7bd6544591,性爱预备军
8b4fee4740bda5ef69d68bbb4bfd125b,六德津祭
8b879de67c2d3513bab8e1f540f6512e,姐妹情室
8bb21516ead7e0b3edbc0401bfd40920,欲望首尔
8bc7a08620e3bdbd0eb9e4f87a440dcf,高级妓女2
8c6aab197b389e71bcd6376e16341cfc,三姉妹、絶体絶命の果てに
8d64e6bde0f882f448206b340b8513c1,烈火情人
8daaee55c026fda55a669e17c342d502,捉奸趣事
8ddcef2ededbcfdaa0e6b997d0bcb8d6,巴黎Q娘
8de5b52f41809d049ac71fc6606d02c0,沙西米
8e0a4bbf948c41d7fe28fc6c30d2cec3,塞尔维亚淫乱史
8e4c4aa3bc9b2f2b03baa50437e98346,和亲家母的第一晚
8ecaec76e3a0bccbbd2e2f45df1a953f,友田彩也香之催眠调教
8f24aa413b8ee996bb3d4147bd4343dd,生活的发现
8f450f25901727bd2206c1d9d1530d8b,猛男诞生记：开始变强
900b30acaee015bd225b51e467e26e59,纯真时代
903eb98156879f3534b1be6aaf14e7cb,奸友继母
905bc3d9045e50ae31d852f49859e579,性冷淡
9060492942250b15edfc7735a934f6f3,有两个女儿
91cdd05ad8ea476ef5d7b8fe78b2ce5d,本能
92bcae349705c3e8fe528fa5944afb4d,雌猫们
9367d5e73d916f3c7edef151db28606d,色欲迷墙
93b0b504208e5eb588e565b881a2cca7,成人礼
940f9cdc66232bd5abeb42b68c13b421,爱之恋
941c19aa7bb4e9bb8d6a1d356b826f9a,漂亮保姆2：温柔小姐
9429d6a77db700226a041f20030f8ef3,妻子的赔偿
949644c305f85cdbcd92c9936eb69bcb,舌尖上的欲望
949916f625c3aea0ce9217d6d8b67f38,五感图
950fefdb50bec83da616d21131d9cede,毒燎虐焰
9522bb0d87fc27e325e3d894bec730cf,热线女孩
95b687f12171e56cf076e52c13c4337e,姐姐的S丑闻
95deab0e2570595447ca881f9f04f2a4,她们的成绩单
969eaffef48b60097bee349c287733d2,外遇小姐2
96a3e6cb045201456ee0e5bfd9ce346d,霜花店
96a84e2cc49665a00d58c9ef49d2c81d,解禁男女
96bc8d3c787e19dbcb78b15beb007286,4G“情侣游戏”
9817ff7534005a12f2975619618047b6,弟弟的女人们
987f20a924e58e0b4fe54b9c9b8da90e,挫折
99047479f52da5f0b7d4c1661182e33c,复仇在我
9919cd7ff65566923e2a1285815d4833,慈禧的秘密生活
991af3ef9ffc8e6f5d4cd46b7853fea5,感受大海的时刻
9936bd8cad8b02a44e80083a6032aa51,尸囚狱后篇
9936c8b80512d2660a7545ed4408e188,性福诱惑
9a32fa523fa3d943029b25075d38aa8b,情人别为我哭泣
9b0abe3cc4180f6f666df1406574f696,性魔女
9b3e7a0bc733c9c70cbcdd3d81b94540,劈腿娇娃
9ba590bc5c0363a1e9bdb1869616d8d5,长发姑娘
9c1fa02e6d12bb599c8217813a045bff,红鞋日记
9c2e906964477babed5c7d616a560aa2,青春学堂
9c7dce6465ed96266e9b6a2a3e7498a6,拿下丈夫的部下
9c92187ed8a0b5264f440dd6b9e6219c,索多玛的罪恶
9d31b6a3f18ee4fa5c8b100c2b89790b,把丈夫的年轻部下带回家
9d827b130a8a9103aaf65f705bf13e2b,色欲继母
a04a5bbb9d30a7993f4204c22d1a067d,女大学生问题
a0b3c265ce723075efdbf92174627d7e,慈禧秘密生活
a1ba0eeef99987b70b04dbb7cd8e38d5,TUBERO
a404909ec34830e6843f35c35e4b65c0,女婿的爱是岳母3
a501a9b7214194a720912f6e6c70b211,姐夫猎人
a588ab1bba466a5e1946992e36b333a0,李小龙与我
a5be81ae4b2738f69e04e4f6c0362f8b,艾曼妞与最后的食人族
a5e49ff649dd10578690ffb8379d1ec3,黄真伊[2015]
a6616fefebf2cb88d7b11c60d8b0f9f8,欲望豪宅
a6a9d3f404e54aaafeba970c0a6b2d10,快乐学园
a6af4046d08eefa6ebae8fbeb9a958cb,职场上司组长夫妇
a6f87994fb0048c6d532d26dd25daeb8,哥哥的老婆3
a7f96a6c26ff5cee0b0553fad773e432,砂之女
a8af10913db82600d1262cea39b6b4d3,我们
a947ad5b61562f5a5287ef66f702ea73,三女性
a9bfc314a751b32119d379fbace74721,恐怖女子高校 私刑教室
aa065e5e5556564b074f86294ea87c3e,女机械人
aab00816f40c873de6d58fb47cae9123,偷情的后裔
aae9fca6f9746261f790a671e03a9359,招女婿：贪图年轻丈母娘
ab3e0188917d6ac9d53e234929f7b858,妹妹的诱惑
ac43badee0d2b2f7a4afbcce8300a27c,爱的调教
ac4ced6bd0d692a51b92ec6dda410b23,邻家风韵少妇
acf914d2b4223081c9461f54bcbbaa90,热情的邻居
ad89e79142940766351c58d18b00c579,原罪
ae86fbdd85ab500a2b3791cfa63f6866,无码宝贝
aeb508ca9c7e542a0af776ea7758a2e0,爱的旅馆
aec5c8c223d77f5daf35242dbffeb36f,洞友2022
aed4f2f2f224877d86595deddd1f4f94,换妻疗程
af553a7dbf9a17f63bc7d54a63643c19,红色：危险的诱惑
af74157ac37beacef93ba44461753afd,O的故事
afedf126286cf652355180899a152474,下流的岳母
b106be7c4c86f97bb674be577072dc0f,阿婴
b153552b2eb00f5ac51ea57b22423438,美丽的妈妈
b1d35422493380b526963199d79d2c7f,恐怖相亲
b1dad9a73f03ef618c8d7460c16cd80c,恋爱公寓
b30b3ae5d3a93db0fdff4ad1c4bf529f,性书大亨
b3121b354b3c157e47cb78e002548693,我的漂亮姐姐
b354dd800320f90d055db34aa0b86de4,感官世界
b3ff86c97711e7b7e1f3f0d6800f08bb,禁止性爱：甜蜜的复仇
b4090518f8235391625405bb811228e1,美丽小蜜桃
b41fd7334f9edf9af430c039c58bb280,女性瘾者：第二部
b4306e00c2d181d004b40a0142a42899,保险王的特别按摩
b511022a58907daada2a010ff80f6ea1,楼下的房客
b56bd0d87028f8c50f2f5cbb7b359b58,插画
b5bbed9bf74915e260ee43d76dbaa234,小姨子
b6b0563d070fef47ae5a152f727a858c,迈开嫂子的腿
b725cef405d1f0105508c5bd571e38a4,善良的女秘书的目的
b7839f5300fe2d8e457edef0fa8dae32,小姨子的性辅导
b8eb17610c29896a81020033bdb4ac68,野蛮大嫂
b95b26e62b0d5cddc36ee1f5bdc1d385,土耳其狂欢
b9b6f42b87a569b87ba6e28d610a7903,外遇合约
b9ba2f4118fff66512cb359f197a27ef,浪荡子的性爱旅程
ba4b362b8715454da466f436a12d6a64,愈合伴侣
ba7d30ae6f1497f280013f0292711f63,肉色诱惑丘陵谷仙女
ba96f18934896cf3f925f65d54b76161,花与蛇
baf7cad0a787ff671e224dddb408a130,年轻母亲：我年纪如何
baff16efea1d778a262e5969bcc247b0,屠夫小姐
bbf87ddc61cfec6a878252eb7a33bec6,一路向西
bc5d32088dc9441d74a3c2f989f2ce82,红灯区
bc6427bfbdf99c0c762eedfe700dd78a,聚会的目的：开始
bcb676287a6bcd2d72b415122b457437,Z-108弃城
bccc572d0626742123dca56913699fc5,花容月貌
be6f65baa2cdb16e042568a86c84a1f5,偷窥狂人
bf06ebf2f863f66ecbe0d3f76891ce3a,大开眼戒
bf396d0baafca08c26f8a1ed6fcd51dd,黑鬼：特殊英语课
bf74358a9f1b62ae5925ebbf0343fcbf,外遇同学会
bf9b5e6a60417a5a56c68f766979ed74,我学生的妈妈6
c04daecb208bfb2182820bfbbfea7932,少女潘金莲
c0696be5363812d9d004010a449cfce9,当人妻恋爱时
c07a08660d65822d115491822de06816,秋叶原奇幻之旅
c0bd2a75afe3c79c95282a1fbf96a3a2,六月之蛇
c0e0c0659772cf864fef0e6bb192722f,普索伊
c0ee007627ed383f65ba4d7f21ac29ef,堕落2023
c3ef623773a30d78e08627f30559e6a8,母女双峰会
c3f582088059dc9c56a9f69a3020832b,震精人妻
c438d6acd048ea3fd1aad46bd3e95fc5,爱欲三姐妹
c50b4394eb6a26d309fcf977975184e2,吾栖之肤
c5ab4b5802f16a9871915c686beda806,血恋
c6329c92007b4fa429e17d2a4affeff8,我的妻子
c639d885459f700dff5df8fe7b48bed4,姐妹的诱惑
c6ab855106bf9be9f4d4f9085a5fe358,外出
c6e6af47416932890c19303e381c3724,隔壁的妈妈
c6f986a37fb1d63777b7d423d17c1877,妹妹太爱我
c6fe9bb28f0542377b6bda7759dead0e,贪婪：欲望之岛
c94843379395763ce9a9c301f2f4bf44,欲色的她
c9f9ba3c0b40d5aeae96a7351cca40c8,上原亚衣之性爱体验
cafe0f0894145e50dcfb361c5d184d99,家暴男
cba89e97f70f51918ed0a216f5b8ceb8,纵欲岛
cd4bb7b98f518956cb9e7c6f0fe00c48,色情男女
cd515b5956dcab32c0c47069446d8a2c,下女
cd623fbb9b4a393c828dd3abfcc5eb13,妈妈的朋友
cdb1d9934ac7d700762b6c084c281637,無法抗拒的姐姐
ce0bb5e4409a88880d6db204ceecb21d,Gay欧巴 我会让你兴奋
ce5a6227841ca473a1808a7e17a16628,女生宿舍
ce9e8a6715b04a27feea68c3e1701f0f,处女心经
cf0db3f18735e34121b7774ea5b73831,少妇的诱惑
cf577abf2a8bb7d43624428e6f14eba9,秘密的画舫
cfbeffd218cf7c74be9559e3aeff9f0c,浴中的禁忌性爱
cfd633bbc4a883682e22b2d954c2abc2,消防站的王子
d03d806418489cd0369dda656cae8d49,花与蛇2：巴黎静子
d04be5cb5aa4af373bd569d155dec83b,30岁邻家少妇
d0b2492dcc205f0883ffad9907db4567,妻情六欲
d12634c573b6fdcdab274c6b3928b6af,大人的恋爱情事
d1c28b815bf8e581837c6e89e2f8332f,微交少女
d29ed403b8dbee1c8f1aeb7c4c6df9a5,空气人偶
d3391f2ab7dc523df0a5f4e219d27ce3,约炮神器
d3a2dcb171ca34fd08a5fbc1b76a7f29,家庭旅馆4P
d42549f221ae7764ea66ade2670ad339,不道德的故事
d4b6a0189393be34ba10580e4418473f,爱情离开后
d539a2cb587d87340fdcb1e6cecbe4bb,我朋友的老姐
d53b2d32d64c4257dffc333e9708215c,女儿的朋友
d562ef5adaff8f56ddc6bf5bdd281e9f,焦燥
d5737674b4ba2fbb223b276caf802139,不贞的女人们
d64c5e5c2862efb297650223de4562fc,暴行开膛手杰克
d7204edade248ae668c57301e09fa164,八仙饭店之人肉叉烧包
d8a650656d38e6ca84b497b88f60e612,德古拉：恶狱
d8e8a23795fc943ae47bf298d259547f,混宿生活
d942902d4929a6b2056e62faeee2186a,鬼龙院花子的一生
da2a278fc59b8f435d8b2ffcb7d47933,情妇
da48b868581d88320628611bb5e6cb7d,恩娇
da889b0c8be7f54f7b562e84a0c674be,通奸世界
dc02c0ac9adf4dc8464efc776d45b413,聊斋艳谭之灯草和尚
dcda5207d90fbdb42d79e6d1c7d0fc81,年轻性感的妈妈
dd38d4b428f9571c5c49b0a48770461f,激情社区
dd62e0d11186a11ac5f746bd00787a08,金钱之味
dd9b8119c5b43b3e81aa1f27925312ae,厨师、大盗、他的太太和她的情人
df1d26fed97c3bebab8cf4e95a6bbba0,枕边书
df7cc17a3929abbfc62acb2809af1b20,閃耀的成人羅曼史
e059ce4836eb1a5f2980fb77358f4908,赤裸惊情
e1345e675ab196c12b4a49c66530ca5b,露出2022
e1765147938c217bf88b9a87f727b544,欲火狂蜜
e18bf08aaf4c7843fd4f14c58c604218,蜜桃成熟时
e2447934921b74b8debde5a27192ff36,发情男人
e2c7fa8fd2734fe071cdd6f4433d95c1,同房密愛
e2d15b2212831a7b9054a96f9043520b,女优的告白
e2ec9fbc2efc5a9dfc6823d99c99f110,快乐到死
e3a8e91b5d5056a387f976fa88d7e993,新足仓馆风间由美
e3f582e763152c23f6f5455ab5c55e65,披萨外送
e4ad5c22c760d5b88a0ed44d1ff9bf2d,周末夫妇
e4d70eb151cd93a2448cafdc52d1d94f,妖兽都市1987
e5848345273acc91e05e7c031ee7d3ac,巧巧
e5c4d4ad8590f05b23e2f7fcc8989ef9,高级按摩
e7565eb67e75aa517d9d1e92f61e88f2,烈焰欲望熔炉
e7664dc33d2c0e7f89e47c00dab9e9f0,杀死那只野兽
e85058b4c8a46ee70ffb2ae525e4e9b8,凶恶三人帮
e9460055ffed483dfd11ba8f5af8e404,激致床上生活
e95118b28befb017ff9af74bd9372e2e,监中女人
e957cc39e3c700ac4df34ffd4d1d1bb9,修生养成的快乐课外辅导
ea3f6eba3f66d3f7711a1887936caaee,夏日狂情
eab363e6cf73b2e7390fd58d70668056,狼狈
eb3c403c927dfa271884e98087ea3236,你妈妈也一样
eb58e3f608cdd76e039199926b0bcca9,风韵继母
edac2077883004f5b28496e58060f8d2,丑闻：朝鲜男女相悦之事
edf413c2429e157701c1b9ac872f211b,夜挑情
ee8b91bbbc676bd27b8c8902feed9e46,妻子们的秘密
eede4d7ab87058d503a42e3ac9fa6996,慾火
ef922bed57bb8642a691a5391be7b41a,三夫
f05303ff0468dbe5453a9a576984414f,玫瑰的战争
f0650e5ff180057b82b478d36f6b262b,家庭按摩特殊服务
f08df8f582b95f07d45598fc2446b9a6,别急，慢慢来
f09e781b179cae86fbb5d508cf291dfd,他的秘密性爱
f29239e6dbda4dc2a105b149bdb5833f,地下幻灯剧画少女椿
f294696bf056b8f3ebc5c8cfc694a1c7,后宫：帝王之妾
f3bfbb7c916bd10935d5640d505dcf20,妻子的偿还
f3d6818c01df068a6b2595f101d8e4dd,性福一家
f42c38751b625effce68aa20e28d36a7,杀戮旅店
f53ebbdd220b578276d0dfa8d8e7df35,欲寡妇
f55636cae8e47c1c115ba4a08038f2af,3D豪情
f563a52df5172796828fed309f1b9f0e,乱爱之家
f6c73f45470bebfb8af2fc59a715163f,性感女大生的打工日记
f7b280c2fd6ddd964b791bd5e5b2adfe,听话就升职
f7eb6b2617117c13b3b3c5bd036ea4f2,待绽蔷薇
f7f032806be3b154bd21247052669379,堕落1986
f8ac1b879667be232d5b62cdc4f04bed,晚娘2012(下)
f962cec9c87f09e8eabd790cee121dc7,喜欢大鸟的继母
f9ab5c720d5766fba7621cfe0aabc834,女侦探连发
fa07fccb781a373d579502c23cc94cf6,医院换换爱
fad1585974ffae0c2cdbf932cdc6f69b,想和公公有个娃
fbf3dd5c2209d0de115c5f926d5f76f4,她的性爱告白
fc81508bb5b1b555a2e14cda495b065f,自由夫人
fceb78f8349d2153f1d8e763973acbd3,女儿的朋友2
fcfc30221ff4fd8e472c1ecd171bf18d,惊险性爱
fd117d9cc9aceb56df90b423d7a6a559,想要的一天
fdf8348b42813d2a05ec0d51fe1e90dd,姊妹情色
fdfcfb40211ade2c5d8816c89ea19ecf,选择
fe03b42dfc16df508644f1fb20a74cb9,燃骚猎爱
fe829f1c30c868f5992b2a82f4c0a076,金瓶梅
ff53d3d275eea31484a01e67d18b9a59,某一天小鲜肉来到我家门前
